bv,vup,date
BV1Up4y1e7Gj,merry,2020-09-12
BV1aK4y1a7YF,merry,2020-09-13
BV1it4y1i7Ke,merry,2020-09-14
BV1uT4y1A7N6,merry,2020-09-15
BV1xK411K7RM,merry,2020-09-16
BV1Fk4y1177F,merry,2020-09-17
BV12K4y1a79r,umy,2020-09-19
BV16K4y187Qt,merry,2020-09-19
BV1jk4y1176w,merry,2020-09-20
BV18Z4y1N7ya,umy,2020-09-20
BV1AA411J7SF,umy,2020-09-21
BV1Za4y1j7Dw,merry,2020-09-21
BV14p4y1a7D1,merry,2020-09-22
BV1ia4y1j78W,umy,2020-09-22
BV1cD4y1Z7SB,merry,2020-09-23
BV1vT4y1A7GE,umy,2020-09-23
BV1ay4y1k7i2,umy,2020-09-24
BV13i4y1E7zg,umy,2020-09-25
BV1RZ4y1N7F1,merry,2020-09-25
BV1HT4y1A72Z,umy,2020-09-26
BV1kp4y1e7TX,merry,2020-09-26
BV11h411X7kR,meumy,2020-09-27
BV1Sz4y1Z7BZ,merry,2020-09-28
BV18t4y1v74M,merry,2020-09-29
BV1si4y1E7pP,umy,2020-09-30
BV1oa4y157kT,merry,2020-09-30
BV1Yz4y1d7ir,umy,2020-10-01
BV1r54y1k7P3,merry,2020-10-01
BV1SV41117L4,umy,2020-10-02
BV1hZ4y1572g,merry,2020-10-02
BV1XV41117f6,umy,2020-10-02
BV1uV41127mT,umy,2020-10-03
BV1JK4y1h71i,umy,2020-10-04
BV1Gv411y7G1,umy,2020-10-05
BV1c54y127Vk,merry,2020-10-05
BV1Zk4y1k7uJ,merry,2020-10-06
BV1KK411N7sV,umy,2020-10-07
BV1pK411N79e,merry,2020-10-07
BV1HK411A74T,umy,2020-10-08
BV1D54y1k7ow,merry,2020-10-08
BV1T54y1C787,umy,2020-10-09
BV1g54y1C7zT,merry,2020-10-11
BV1TV411y7Bt,merry,2020-10-12
BV1qV41127fS,umy,2020-10-12
BV1fK411w7RU,merry,2020-10-12
BV1tK4y1h7YW,umy,2020-10-15
BV1oZ4y157Ng,merry,2020-10-15
BV12z4y1d73E,merry,2020-10-15
BV18p4y1Y7V3,meumy,2020-10-16
BV1w54y1C7mD,umy,2020-10-16
BV1VD4y1d73d,umy,2020-10-17
BV1HD4y1d7SF,merry,2020-10-17
BV17a4y1L7nE,umy,2020-10-18
BV1Li4y1j79q,merry,2020-10-18
BV1yK4y1771J,umy,2020-10-19
BV15a411A7i5,merry,2020-10-19
BV1BK4y177fJ,umy,2020-10-20
BV1VD4y197dZ,merry,2020-10-21
BV1554y1r7Av,umy,2020-10-21
BV1aD4y197UW,merry,2020-10-22
BV1XK411A7B6,umy,2020-10-22
BV1PK411P79a,umy,2020-10-22
BV11a411A7Sk,merry,2020-10-23
BV1ez4y1C7CG,umy,2020-10-23
BV1Tr4y1w7cR,merry,2020-10-24
BV1az4y1o7xN,umy,2020-10-24
BV13y4y1r7Ya,umy,2020-10-25
BV1wi4y177y3,merry,2020-10-25
BV1za411A7GG,umy,2020-10-27
BV1b54y1C7Nm,merry,2020-10-27
BV1iz4y1o7QM,umy,2020-10-28
BV1T54y1r7sP,merry,2020-10-29
BV1mV411y77q,umy,2020-10-29
BV1c54y1r73e,umy,2020-10-30
BV1c54y1r7Mx,merry,2020-10-30
BV13f4y1q7tG,merry,2020-10-31
BV12V411y7tK,umy,2020-10-31
BV1iD4y197Hc,merry,2020-10-31
BV11K4y1E7bd,umy,2020-11-01
BV1Pz4y1y76z,merry,2020-11-01
BV1xA411j7de,umy,2020-11-05
BV1Gf4y1q7GC,merry,2020-11-05
BV1cT4y1c78e,umy,2020-11-06
BV1xf4y1q7Gw,merry,2020-11-06
BV12z4y1C7co,umy,2020-11-07
BV1PT4y1c7aW,umy,2020-11-09
BV1TZ4y157Pd,umy,2020-11-11
BV1CZ4y137Xc,merry,2020-11-12
BV1Jz4y1y7cc,umy,2020-11-13
BV1MK411V7Vr,merry,2020-11-13
BV1kK4y1E7ia,umy,2020-11-14
BV1AK4y1f72q,merry,2020-11-14
BV1Vy4y1q7Yu,umy,2020-11-15
BV1VK4y1f7xd,merry,2020-11-15
BV1pA411x77h,merry,2020-11-16
BV17K4y1j783,umy,2020-11-16
BV1q54y1z7Aq,umy,2020-11-18
BV1pA411x7MJ,merry,2020-11-18
BV1S5411V7tS,umy,2020-11-19
BV1iK4y1j7m4,merry,2020-11-19
BV1Pa4y1x7mC,merry,2020-11-20
BV11D4y1Q7yb,umy,2020-11-20
BV1r5411V72p,umy,2020-11-21
BV1Qi4y1L7hU,merry,2020-11-21
BV1Ay4y1671Z,merry,2020-11-21
BV1z54y1z7EX,umy,2020-11-22
BV1ea4y1p76A,meumy,2020-11-22
BV1rz4y1k7dh,umy,2020-11-23
BV1Lp4y1r7U5,merry,2020-11-23
BV1Jp4y1z71m,merry,2020-11-23
BV1dK4y1Z76w,umy,2020-11-23
BV1hv411t75Y,umy,2020-11-24
BV1dt4y1a7Eu,merry,2020-11-24
BV1EK41137Fs,merry,2020-11-24
BV1Ui4y1V7Ho,umy,2020-11-26
BV1Fi4y157wY,merry,2020-11-26
BV1Wa4y1W7pk,umy,2020-11-27
BV1BK4y1j7Dc,merry,2020-11-27
BV1xp4y1r7fW,umy,2020-11-28
BV1LV411Y7AW,merry,2020-11-28
BV12y4y1679e,merry,2020-11-29
BV1ii4y1V7iN,umy,2020-11-29
BV1Hz4y1k72Z,merry,2020-12-02
BV1uz4y1k7og,umy,2020-12-02
BV1Wp4y1r7mp,merry,2020-12-03
BV1Sp4y1z7xV,umy,2020-12-04
BV1pK4y1L7b8,merry,2020-12-04
BV1sz4y1C77H,merry,2020-12-04
BV1oK41137mD,umy,2020-12-05
BV1Tz4y1C7TA,merry,2020-12-05
BV1qK41137Xa,umy,2020-12-06
BV19z4y1k7TM,umy,2020-12-07
BV1J64y1f7XY,umy,2020-12-07
BV1rv411b7Jy,merry,2020-12-08
BV1Wf4y1i7DA,umy,2020-12-09
BV1Sa411F7AV,merry,2020-12-11
BV1FV411h7W1,umy,2020-12-11
BV1Ut4y1Y7ZA,merry,2020-12-12
BV1pz4y1r7kg,umy,2020-12-14
BV1Yt4y1k7Rz,merry,2020-12-14
BV1Mp4y167vh,merry,2020-12-14
BV1cp4y167hw,merry,2020-12-16
BV1Ui4y1c7pM,umy,2020-12-16
BV1qT4y1M76u,umy,2020-12-18
BV15v41147vM,merry,2020-12-18
BV125411G7NW,umy,2020-12-19
BV1SK411u7dK,meumy,2020-12-20
BV1dT4y1M7yE,umy,2020-12-21
BV1Ef4y1C7Gz,umy,2020-12-22
BV1WK411g7bM,merry,2020-12-22
BV1Qz4y1r7xc,umy,2020-12-23
BV1Gt4y1C7HP,merry,2020-12-23
BV1wt4y1C7Y3,merry,2020-12-24
BV18p4y1B7Vu,umy,2020-12-25
BV1N64y1Z71F,merry,2020-12-25
BV1zt4y1k79r,merry,2020-12-26
BV1f64y1o7Kr,meumy,2020-12-27
BV1K64y1Z7bc,umy,2020-12-28
BV17o4y1Z7BH,umy,2020-12-29
BV1vV411b7Fw,merry,2020-12-29
BV1z5411H7C9,umy,2020-12-30
BV1k54y1t7sn,merry,2020-12-30
BV12X4y1T7Kk,umy,2020-12-31
BV1ef4y1C7ff,merry,2020-12-31
BV1Da4y1n7Rf,merry,2021-01-05
BV1mT4y1N7WJ,merry,2021-01-06
BV16t4y1r7gH,merry,2021-01-07
BV1Er4y1T77q,merry,2021-01-08
BV1et4y1r7HW,umy,2021-01-09
BV1Mf4y1y7CC,merry,2021-01-09
BV1Xi4y1F7xT,merry,2021-01-11
BV1K54y1s7EH,merry,2021-01-13
BV1kA411H7RX,umy,2021-01-14
BV1rz4y1674m,umy,2021-01-15
BV11X4y1K7Sr,merry,2021-01-15
BV1av411W7KA,merry,2021-01-16
BV1Bv411W7xc,umy,2021-01-16
BV16K411u7aL,umy,2021-01-17
BV1JN411d7CY,merry,2021-01-17
BV1GK4y1W7hN,umy,2021-01-19
BV1j5411H7Ym,merry,2021-01-19
BV1pp4y1W75A,umy,2021-01-20
BV1Py4y1p7J8,merry,2021-01-20
BV1Dp4y1W7T8,umy,2021-01-22
BV1WA411p7EZ,merry,2021-01-22
BV1Dp4y1W7a7,merry,2021-01-23
BV1ev4y1f7yV,umy,2021-01-23
BV1yU4y147jb,meumy,2021-01-24
BV1dT4y1A7hZ,umy,2021-01-25
BV1jt4y167Xj,merry,2021-01-25
BV1kV411q7iP,merry,2021-01-27
BV18T4y1P7dd,umy,2021-01-27
BV1kU4y1s7er,umy,2021-01-29
BV1fy4y117pA,merry,2021-01-29
BV1TN411o7Hz,umy,2021-01-30
BV1G5411J7FL,merry,2021-01-30
BV1UU4y1s7nk,merry,2021-01-31
BV1uz4y1D7iB,merry,2021-02-02
BV1jr4y1K71W,umy,2021-02-02
BV1Gy4y1Y7Dd,umy,2021-02-03
BV1LX4y157eb,merry,2021-02-04
BV1Sh411C78h,umy,2021-02-05
BV1Qr4y1P7JH,merry,2021-02-05
BV13U4y1x7JZ,merry,2021-02-06
BV1eK4y1p7Hn,umy,2021-02-06
BV1KN411R74Y,meumy,2021-02-07
BV17o4y197rn,merry,2021-02-08
BV14541177sb,umy,2021-02-08
BV1GV411i7YV,umy,2021-02-08
BV1oV411i7pr,umy,2021-02-10
BV18K4y1Q72V,merry,2021-02-10
BV1Uz4y1U7dv,merry,2021-02-11
BV1Qy4y1E7he,merry,2021-02-11
BV1EU4y1W7GA,umy,2021-02-11
BV16X4y157gB,umy,2021-02-12
BV1dN411R7fY,merry,2021-02-12
BV1Dh411C7Mw,umy,2021-02-13
BV1Zo4y197v8,umy,2021-02-14
BV12y4y1Y7dy,merry,2021-02-14
BV1M54y1Y7BM,umy,2021-02-16
BV1oA411T71K,merry,2021-02-16
BV11h411r72a,umy,2021-02-17
BV1QK4y1Q7j3,merry,2021-02-17
BV1Ey4y1J7zk,umy,2021-02-19
BV11N411X71n,merry,2021-02-19
BV1XN411X74x,umy,2021-02-20
BV1pi4y1T7DE,merry,2021-02-20
BV1zb4y1R7qz,merry,2021-02-21
BV1V5411N7Ly,umy,2021-02-21
BV1rz4y127qb,merry,2021-02-22
BV1dp4y1n7cg,umy,2021-02-22
BV1UK4y1S7n2,umy,2021-02-24
BV1Zh411r7JY,merry,2021-02-24
BV1Vy4y1J7Aj,umy,2021-02-24
BV1AX4y1L78T,merry,2021-02-24
BV1vp4y1H7kC,umy,2021-02-27
BV13p4y1H71x,merry,2021-02-27
BV1Nh411Q7Nz,meumy,2021-02-28
BV19r4y1A72A,umy,2021-02-28
BV1Bb4y1X7rR,umy,2021-03-02
BV16A411K7BP,merry,2021-03-02
BV14V411v7iZ,merry,2021-03-03
BV1nf4y147hQ,umy,2021-03-04
BV1dX4y1G7K6,merry,2021-03-05
BV16Z4y1P7AJ,merry,2021-03-06
BV1Mi4y1K7LJ,umy,2021-03-06
BV1XU4y1H75v,meumy,2021-03-06
BV1hK4y1D7yg,meumy,2021-03-07
BV1L64y1D7Gi,umy,2021-03-09
BV1N64y1D79W,umy,2021-03-10
BV1Dy4y1a7qq,umy,2021-03-12
BV1pN411Q7rB,merry,2021-03-12
BV1pA411T7gR,umy,2021-03-13
BV1my4y177Ct,merry,2021-03-13
BV1RV411Y7E5,meumy,2021-03-14
BV1LK4y1T7yw,umy,2021-03-16
BV1Tp4y1a7Gi,merry,2021-03-16
BV19K4y1U7w3,merry,2021-03-17
BV1PK4y1T7DV,umy,2021-03-17
BV14v411a7Nm,umy,2021-03-19
BV1CB4y1A7Gf,merry,2021-03-19
BV1ty4y1E7sj,merry,2021-03-20
BV16y4y147tG,umy,2021-03-20
BV1Hv411a7sV,meumy,2021-03-21
BV1DK4y1T79L,umy,2021-03-23
BV1Gh411D7DK,merry,2021-03-23
BV1FX4y1G75W,merry,2021-03-24
BV18y4y1h7bx,umy,2021-03-24
BV1Af4y1x77d,merry,2021-03-26
BV1r64y1U7mH,umy,2021-03-26
BV1mK4y1T7mM,umy,2021-03-27
BV1fy4y1t73o,merry,2021-03-27
BV1EX4y1G7Gy,meumy,2021-03-28
BV1bi4y1P7B9,umy,2021-03-30
BV1Rh411S7TW,merry,2021-03-30
BV1fp4y1b7Zu,umy,2021-03-31
BV1cv411h714,merry,2021-03-31
BV1Av411h7qP,umy,2021-04-01
BV1F5411A7dV,merry,2021-04-01
BV1JX4y1g7y7,umy,2021-04-01
BV1Lp4y187LR,merry,2021-04-01
BV1mB4y1P7LL,merry,2021-04-02
BV1WK411w7TG,umy,2021-04-03
BV1Hb4y1X7Wz,merry,2021-04-03
BV1wp4y187Ae,umy,2021-04-05
BV1hA41157sr,umy,2021-04-06
BV13Z4y1c7Mu,merry,2021-04-06
BV1UK4y1N7s4,umy,2021-04-07
BV1n54y1h7P8,merry,2021-04-07
BV1eB4y1w76o,umy,2021-04-09
BV1WA411L72e,umy,2021-04-10
BV1iU4y1h7Cy,umy,2021-04-11
BV1sh411U7GL,umy,2021-04-14
BV1hy4y147Yr,umy,2021-04-17
BV1tA411L7QE,umy,2021-04-19
BV1AK4y1P7Rn,umy,2021-04-24
BV1XU4y1h7ai,merry,2021-04-24
BV12f4y1p7xi,umy,2021-04-25
BV1Y64y1U78a,merry,2021-04-25
BV1Sf4y1p7YG,merry,2021-04-26
BV1t64y1U7Uo,umy,2021-04-26
BV1jK4y1Z7d3,umy,2021-04-27
BV1tv411L7f8,merry,2021-04-27
BV1vQ4y1Z7S9,umy,2021-04-29
BV1nq4y1J776,merry,2021-04-29
BV1H64y1179S,umy,2021-04-30
BV1F64y1U7oF,merry,2021-04-30
BV1JZ4y1F7FV,umy,2021-05-01
BV1tp4y1b72B,merry,2021-05-01
BV1zo4y127GD,meumy,2021-05-02
BV1m5411g7yK,merry,2021-05-05
BV1qN411f7V1,umy,2021-05-05
BV1uK4y1d7yk,merry,2021-05-05
BV1CN411f7sD,umy,2021-05-05
BV19h411m7TL,umy,2021-05-06
BV1EA41157Vx,merry,2021-05-06
BV1kp4y147Fk,umy,2021-05-07
BV1ev411j7bn,merry,2021-05-07
BV1D44y167AL,meumy,2021-05-09
BV1Fp4y1t77a,umy,2021-05-11
BV1mV411E7fW,merry,2021-05-11
BV1u64y1m7rn,umy,2021-05-12
BV1164y1C7a8,merry,2021-05-12
BV1XK4y1A7AV,umy,2021-05-14
BV1rK4y1d7rC,merry,2021-05-14
BV1fh411e7a4,umy,2021-05-15
BV1Dq4y1f7YN,merry,2021-05-15
BV1Eo4y1m7ty,meumy,2021-05-16
BV1af4y1Y72Z,umy,2021-05-18
BV1UB4y1F7K4,merry,2021-05-18
BV1a5411u7RS,umy,2021-05-19
BV1a54y1L7Wc,merry,2021-05-19
BV1HQ4y1R7dz,umy,2021-05-23
BV1To4y117u9,merry,2021-05-23
BV1kh411Y7Kk,umy,2021-05-25
BV1Rh411Y7CY,merry,2021-05-25
BV1qh411Y7Fk,umy,2021-05-26
BV1654y1V7zc,merry,2021-05-26
BV1Uo4y117Au,umy,2021-05-28
BV1GB4y1u7bX,umy,2021-05-29
BV1Eq4y1j7Tg,meumy,2021-05-29
BV19N411Z7Af,merry,2021-05-31
BV1RQ4y1X739,umy,2021-06-01
BV1764y1R78a,merry,2021-06-01
BV1ro4y1C72J,umy,2021-06-02
BV1j5411M7dd,merry,2021-06-02
BV1zU4y1V7ts,umy,2021-06-04
BV1sK4y1X7gF,merry,2021-06-04
BV1rA41137V2,merry,2021-06-05
BV1QK4y1g7tw,meumy,2021-06-06
BV1k64y167Ej,umy,2021-06-08
BV1bh411e77f,merry,2021-06-08
BV1Lg411g7Zh,umy,2021-06-09
BV1z5411K7j2,merry,2021-06-09
BV11h411e746,merry,2021-06-11
BV1ng411G7DT,merry,2021-06-12
BV1m64y1X7HJ,umy,2021-06-14
BV1y44y1B7iY,merry,2021-06-14
BV1Vv411W7jq,umy,2021-06-15
BV1Cf4y187p7,merry,2021-06-15
BV1of4y187Bg,merry,2021-06-19
BV1fK4y137NB,merry,2021-06-20
BV1TK4y1g7wj,merry,2021-06-21
BV1Wv411H7aP,umy,2021-06-23
BV1QX4y1A7Do,umy,2021-06-24
BV11f4y1t7Hm,merry,2021-06-24
BV1Ao4y1C7sL,merry,2021-06-25
BV1m64y197YD,umy,2021-06-25
BV1Q44y1B7rZ,meumy,2021-06-25
BV1ZU4y1G72T,umy,2021-06-26
BV185411T7GY,umy,2021-06-27
BV1Ty4y1M71Q,merry,2021-06-27
BV1Hv411H7QG,umy,2021-06-28
BV1dB4y1K7ix,umy,2021-06-29
BV1444y1q7sb,merry,2021-06-29
BV1Xq4y1s7We,umy,2021-06-30
BV1Wg411u7JJ,umy,2021-07-02
BV1io4y1C7zf,merry,2021-07-02
BV1by4y1K7SD,merry,2021-07-02
BV1WK4y1M7Xr,meumy,2021-07-04
BV1JL411W7Rt,umy,2021-07-05
BV1n64y1X7FM,merry,2021-07-08
BV1t54y1n7Rm,umy,2021-07-08
BV1nh41167rD,umy,2021-07-10
BV1T54y1n7mD,merry,2021-07-10
BV1Lh41167R1,meumy,2021-07-11
BV13g411M7Z2,umy,2021-07-13
BV1Nv411n7k4,merry,2021-07-13
BV1Cg411T7ov,umy,2021-07-15
BV1aL411H7Mo,merry,2021-07-15
BV1Dg411T7UD,umy,2021-07-16
BV1aL411H7Je,merry,2021-07-16
BV1PP4y1473k,umy,2021-07-17
BV1o54y1n72f,merry,2021-07-17
BV1Ly4y1j7wP,umy,2021-07-20
BV1ng411M7bM,umy,2021-07-21
BV1mL411H7hx,merry,2021-07-21
BV1c64y1x7jx,merry,2021-07-22
BV1z54y1E7ou,umy,2021-07-22
BV1Hw411R7AE,umy,2021-07-24
BV1QP4y147Vq,merry,2021-07-24
BV1X341167Nd,umy,2021-07-27
BV1zX4y1c7F6,merry,2021-07-27
BV1S341167Xx,merry,2021-07-30
BV1P54y177bf,merry,2021-07-30
BV1Wo4y1S7mb,umy,2021-07-31
BV1vL411n7U5,merry,2021-07-31
BV1ay4y157XK,meumy,2021-08-02
BV1Af4y1V7TD,umy,2021-08-03
BV1Wq4y1p7H1,umy,2021-08-04
BV1wX4y1F7GL,merry,2021-08-04
BV1tv411K7Vg,umy,2021-08-06
BV1ZP4y1x7Wm,merry,2021-08-06
BV1D64y1i7EU,umy,2021-08-07
BV12b4y1z7nR,merry,2021-08-07
BV1A54y1E7r4,meumy,2021-08-08
BV1fo4y1S79w,umy,2021-08-10
BV1Qq4y1D7q7,merry,2021-08-10
BV1zP4y1W7Hy,umy,2021-08-11
BV1eL4y1e7LQ,merry,2021-08-11
BV1j44y1y7ui,umy,2021-08-14
BV1ah411B7XL,merry,2021-08-14
BV1L64y1v7Q1,meumy,2021-08-16
BV1sU4y1E7XD,merry,2021-08-17
BV1Bo4y1U7p8,umy,2021-08-17
BV1764y1v7ee,umy,2021-08-18
BV1TP4y1p73v,merry,2021-08-18
BV1764y1e7d4,umy,2021-08-20
BV1s64y1e7if,merry,2021-08-20
BV1K3411B7UV,merry,2021-08-21
BV1sy4y157QV,umy,2021-08-21
BV1M3411B7NU,meumy,2021-08-22
BV1UL4y1a7W8,umy,2021-08-24
BV1m44y1k7kb,merry,2021-08-24
BV1Zf4y1n7G7,umy,2021-08-25
BV1pb4y1m7Pn,merry,2021-08-25
BV1Kv411P7CP,umy,2021-08-27
BV1mP4y1p7oV,umy,2021-08-29
BV1FQ4y127Az,merry,2021-08-31
BV1tq4y1U7nG,merry,2021-09-01
BV13q4y1S7T2,merry,2021-09-03
BV1dP4y1a7tG,umy,2021-09-04
BV1zQ4y1C7MM,meumy,2021-09-05
BV1Ev411P79k,umy,2021-09-07
BV12g411V7RQ,merry,2021-09-07
BV1yU4y1P7bQ,umy,2021-09-08
BV1D44y1t7jn,merry,2021-09-08
BV12U4y1P7Qs,merry,2021-09-10
BV1d44y1t7V3,umy,2021-09-10
BV1mq4y1N7md,umy,2021-09-11
BV1uf4y1n7pR,merry,2021-09-11
BV1uL411x7Yq,merry,2021-09-12
BV16L411t7ka,umy,2021-09-14
BV1i3411q7PL,merry,2021-09-14
BV1FU4y1A79K,umy,2021-09-15
BV1ff4y1c7Nb,merry,2021-09-15
BV1c34y1X72b,umy,2021-09-17
BV1vM4y1g7Sf,merry,2021-09-17
BV1Lg411c7Ki,umy,2021-09-19
BV1if4y1w7dH,merry,2021-09-21
BV1HR4y1p7oq,umy,2021-09-21
BV1AQ4y1678v,umy,2021-09-22
BV1534y1D7pq,merry,2021-09-22
BV1A34y1D7si,umy,2021-09-24
BV1w34y1D79F,merry,2021-09-24
BV1nM4y137hB,umy,2021-09-25
BV1eR4y1p7tp,merry,2021-09-25
BV1yv41137uR,merry,2021-09-26
BV1Wq4y1P7aY,umy,2021-09-26
BV1Tf4y1A7iQ,umy,2021-09-28
BV1m3411y78Q,merry,2021-09-28
BV1C34y1D7ac,umy,2021-09-29
BV1Fq4y1N7MD,merry,2021-09-29
BV19u411f7uo,merry,2021-10-01
BV1uq4y1Z7ym,umy,2021-10-01
BV1rq4y1P7Qd,meumy,2021-10-02
BV1Jb4y1a7qU,umy,2021-10-03
BV1wf4y1J7Lr,merry,2021-10-03
BV15q4y1N7G1,merry,2021-10-05
BV1t34y1U7yj,umy,2021-10-05
BV1RU4y1c7p8,merry,2021-10-05
BV1zP4y187wC,umy,2021-10-06
BV1HT4y1f7Gq,merry,2021-10-07
BV14Q4y1B7PT,umy,2021-10-07
BV14Q4y1X78M,umy,2021-10-09
BV19q4y1R7Rj,merry,2021-10-09
BV1Zf4y177U4,umy,2021-10-10
BV1W34y1S7oo,merry,2021-10-10
BV1CU4y1w7c9,umy,2021-10-14
BV13q4y157xv,merry,2021-10-14
BV1s3411C77a,merry,2021-10-15
BV1VL4y1B75K,umy,2021-10-15
BV1Br4y1y7ov,umy,2021-10-16
BV1gv411u7uK,merry,2021-10-16
BV1ah411b7fm,merry,2021-10-17
BV1w3411y7S1,umy,2021-10-17
BV1WR4y1J7k7,umy,2021-10-19
BV1PU4y1c7Fo,merry,2021-10-19
BV1ZF411Y7p1,merry,2021-10-20
BV1Dh411b7Rd,umy,2021-10-20
BV1zq4y157cD,umy,2021-10-22
BV1rL411G7mg,merry,2021-10-22
BV1T34y1U7jc,umy,2021-10-23
BV1d44y1v7B1,merry,2021-10-23
BV1DF411e7ie,merry,2021-10-24
BV1eh41187Nz,umy,2021-10-26
BV1PQ4y1S7Ah,merry,2021-10-26
BV1mR4y1J72Z,umy,2021-10-27
BV1vF411e71e,merry,2021-10-27
BV1Hq4y1R75S,merry,2021-10-29
BV16U4y1u7mY,umy,2021-10-29
BV1EQ4y1S7st,umy,2021-10-30
BV1dL4y1i7V8,merry,2021-10-30
BV1HL41137Xs,merry,2021-10-31
BV1AL41137Hy,umy,2021-10-31
BV13r4y1C78b,umy,2021-11-02
BV16Q4y1S7k1,merry,2021-11-02
BV1xQ4y1S7Uj,umy,2021-11-03
BV1gL41137oq,merry,2021-11-03
BV1GL411u7LB,umy,2021-11-05
BV15S4y1d7XU,merry,2021-11-05
BV1FS4y1d7NH,merry,2021-11-06
BV1fq4y1r7Yc,umy,2021-11-06
BV1AF411Y7Bt,meumy,2021-11-07
BV1UU4y1g7D6,umy,2021-11-09
BV1gL411u7sH,merry,2021-11-09
BV1Mq4y1378V,umy,2021-11-10
BV1Dg411K75D,merry,2021-11-10
BV1rL4y1v7EZ,umy,2021-11-12
BV11b4y1t7xC,merry,2021-11-12
BV1t34y1d7zm,merry,2021-11-13
BV1fU4y1M7Tp,umy,2021-11-13
BV1Pq4y167fx,umy,2021-11-14
BV1sR4y1t7iG,merry,2021-11-14
BV1XS4y1d7Py,merry,2021-11-16
BV1UU4y1M7zt,umy,2021-11-16
BV1144y1a7co,umy,2021-11-17
BV17q4y167VE,merry,2021-11-17
BV1kS4y197b8,umy,2021-11-19
BV1eb4y1b7Ji,merry,2021-11-19
BV1xh41147mF,merry,2021-11-20
BV1VS4y1R7ix,umy,2021-11-20
BV1rq4y16736,umy,2021-11-21
BV1P44y1Y7gp,merry,2021-11-21
BV1oF411b7Sz,umy,2021-11-23
BV1k34y1979f,merry,2021-11-23
BV12Q4y1v7ux,umy,2021-11-24
BV1tL411M7Vm,merry,2021-11-24
BV1pY411s7Uv,umy,2021-11-26
BV1cb4y1B7V1,merry,2021-11-26
BV1MR4y147gK,umy,2021-11-27
BV1234y197pH,merry,2021-11-27
BV1kL411M7Sq,umy,2021-11-28
BV1Uh411s7Kk,umy,2021-11-30
BV1jQ4y1i7ch,merry,2021-11-30
BV1KQ4y1e7M2,umy,2021-12-01
BV1v34y1R7Ja,merry,2021-12-01
BV1hM4y1w7zw,merry,2021-12-03
BV19q4y1B721,umy,2021-12-03
BV1JF41187q6,umy,2021-12-04
BV1Dh411s79n,merry,2021-12-04
BV1sZ4y197Vo,umy,2021-12-05
BV1y341147Jn,merry,2021-12-05
BV1tR4y1s7qZ,merry,2021-12-07
BV1C341147q3,umy,2021-12-07
BV1Yg411P7an,umy,2021-12-08
BV12341147k1,merry,2021-12-08
BV1B44y1a7Dp,umy,2021-12-10
BV1Cq4y1q7pB,merry,2021-12-10
BV1KS4y1Q7Kf,umy,2021-12-11
BV17M4y1A7DL,merry,2021-12-11
BV18M4y1A7v5,merry,2021-12-12
BV1QZ4y197Eg,merry,2021-12-14
BV1PL4y1p7Sm,umy,2021-12-14
BV1FL411j7j2,umy,2021-12-15
BV1Dq4y1272X,merry,2021-12-17
BV1sP4y1H7zM,umy,2021-12-17
BV1cr4y1Q7MG,umy,2021-12-18
BV1HY411H7vF,merry,2021-12-18
BV1hL4y1n7EF,meumy,2021-12-24
BV1iq4y1m751,merry,2021-12-24
BV1NS4y1M7KS,umy,2021-12-24
BV1Nm4y197tm,merry,2021-12-25
BV1o34y167bt,umy,2021-12-25
BV1ou411S7Up,meumy,2021-12-26
BV1nM4y1F7B9,umy,2021-12-28
BV1z44y177Lt,merry,2021-12-28
BV1Rb4y1Y7HA,merry,2021-12-29
BV1tP4y1J7dt,umy,2021-12-29
